insert into OWNER (name, surname, phone, email) values ('Jonh', 'Doe', '571 731 7592', 'owner@gmail.com');
insert into CUSTOMER (name, surname, phone, email) values ('Tomasz', 'Nowak', '417 595 1397', 'customer@gmail.com');





insert into street (city, street) values ('Poznań', 'Adama Biedrzyckiego');
insert into street (city, street) values ('Poznań', 'Adama Kręglewskiego');
insert into street (city, street) values ('Poznań', 'Adama Mickiewicza');
insert into street (city, street) values ('Poznań', 'Adolfa Bnińskiego');
insert into street (city, street) values ('Poznań', 'Agrestowa');
insert into street (city, street) values ('Poznań', 'Akacjowa');
insert into street (city, street) values ('Poznań', 'Aleksandra Puszkina');
insert into street (city, street) values ('Poznań', 'Aleksandry Karpińskiej');
insert into street (city, street) values ('Poznań', 'Alojzego Andrzeja Łuczaka');
insert into street (city, street) values ('Poznań', 'Andaluzyjska');
insert into street (city, street) values ('Poznań', 'Andrzeja Kopy');
insert into street (city, street) values ('Poznań', 'Andrzeja Rzewuskiego');
insert into street (city, street) values ('Poznań', 'Anny Jantar');
insert into street (city, street) values ('Poznań', 'Antona Czechowa');
insert into street (city, street) values ('Poznań', 'Antoniego Babińskiego');
insert into street (city, street) values ('Poznań', 'Antoniego Pallutha');
insert into street (city, street) values ('Poznań', 'Anyżowa');
insert into street (city, street) values ('Poznań', 'Architektów');
insert into street (city, street) values ('Poznań', 'Arnolda Szylinga');
insert into street (city, street) values ('Poznań', 'Artura Marii Swinarskiego');
insert into street (city, street) values ('Poznań', 'Arystofanesa');
insert into street (city, street) values ('Poznań', 'Azaliowa');
insert into street (city, street) values ('Poznań', 'Babimojska');
insert into street (city, street) values ('Poznań', 'Bakaliowa');
insert into street (city, street) values ('Poznań', 'Barbary Lerczakówny');
insert into street (city, street) values ('Poznań', 'Barlinecka');
insert into street (city, street) values ('Poznań', 'Bartnicza');
insert into street (city, street) values ('Poznań', 'Bazyliowa');
insert into street (city, street) values ('Poznań', 'Będzińska');
insert into street (city, street) values ('Poznań', 'Bełchatowska');
insert into street (city, street) values ('Poznań', 'Berylowa');
insert into street (city, street) values ('Poznań', 'Biała');
insert into street (city, street) values ('Poznań', 'Białoborska');
insert into street (city, street) values ('Poznań', 'Biebrzańska');
insert into street (city, street) values ('Poznań', 'Bielniki');
insert into street (city, street) values ('Poznań', 'Biesiadna');
insert into street (city, street) values ('Poznań', 'bł. Marii Karłowskiej');
insert into street (city, street) values ('Poznań', 'Blacharska');
insert into street (city, street) values ('Poznań', 'Błażeja');
insert into street (city, street) values ('Poznań', 'Bluszczowa');
insert into street (city, street) values ('Poznań', 'Bobrownicka');
insert into street (city, street) values ('Poznań', 'Bocheńska');
insert into street (city, street) values ('Poznań', 'Bogumiła');
insert into street (city, street) values ('Poznań', 'Bogusza');
insert into street (city, street) values ('Poznań', 'Bohaterów II Wojny Światowej');
insert into street (city, street) values ('Poznań', 'Bolesława Chrobrego');
insert into street (city, street) values ('Poznań', 'Bolesława Krysiewicza');
insert into street (city, street) values ('Poznań', 'Bolesława Leśmiana');
insert into street (city, street) values ('Poznań', 'Bonin');
insert into street (city, street) values ('Poznań', 'Borowa');
insert into street (city, street) values ('Poznań', 'Borówki');
insert into street (city, street) values ('Poznań', 'Bożeny');
insert into street (city, street) values ('Poznań', 'Bożymira');
insert into street (city, street) values ('Poznań', 'Braniborska');
insert into street (city, street) values ('Poznań', 'Bronisława');
insert into street (city, street) values ('Poznań', 'Bronowa');
insert into street (city, street) values ('Poznań', 'Bruzdowa');
insert into street (city, street) values ('Poznań', 'Budzisława');
insert into street (city, street) values ('Poznań', 'Bukowa');
insert into street (city, street) values ('Poznań', 'Bułgarska');
insert into street (city, street) values ('Poznań', 'Bużańska');
insert into street (city, street) values ('Poznań', 'Bydgoska');
insert into street (city, street) values ('Poznań', 'Bylicowa');
insert into street (city, street) values ('Poznań', 'Ceglana');
insert into street (city, street) values ('Poznań', 'Cerekwicka');
insert into street (city, street) values ('Poznań', 'Chabrowa');
insert into street (city, street) values ('Poznań', 'Chłodna');
insert into street (city, street) values ('Poznań', 'Chochołowska');
insert into street (city, street) values ('Poznań', 'Chocimska');
insert into street (city, street) values ('Poznań', 'Chrobacka');
insert into street (city, street) values ('Poznań', 'Chwaliszewo');
insert into street (city, street) values ('Poznań', 'Ciasna');
insert into street (city, street) values ('Poznań', 'Cisowa');
insert into street (city, street) values ('Poznań', 'Conrada Drzewieckiego');
insert into street (city, street) values ('Poznań', 'Cybińska');
insert into street (city, street) values ('Poznań', 'Cyryla Ratajskiego');
insert into street (city, street) values ('Poznań', 'Czajcza');
insert into street (city, street) values ('Poznań', 'Czaplinecka');
insert into street (city, street) values ('Poznań', 'Czechosłowacka');
insert into street (city, street) values ('Poznań', 'Czekoladowa');
insert into street (city, street) values ('Poznań', 'Czempińska');
insert into street (city, street) values ('Poznań', 'Czesława Gerwela');
insert into street (city, street) values ('Poznań', 'Czesława Niemena');
insert into street (city, street) values ('Poznań', 'Cześnikowska');
insert into street (city, street) values ('Poznań', 'Dąbrówki');
insert into street (city, street) values ('Poznań', 'Dalemińska');
insert into street (city, street) values ('Poznań', 'Danuty');
insert into street (city, street) values ('Poznań', 'Dębina');
insert into street (city, street) values ('Poznań', 'Dedala');
insert into street (city, street) values ('Poznań', 'Deszczowa');
insert into street (city, street) values ('Poznań', 'Dobra');
insert into street (city, street) values ('Poznań', 'Dobrochny');
insert into street (city, street) values ('Poznań', 'Dobromiejska');
insert into street (city, street) values ('Poznań', 'Dolna Wilda');
insert into street (city, street) values ('Poznań', 'Dominikańska');
insert into street (city, street) values ('Poznań', 'Drawska');
insert into street (city, street) values ('Poznań', 'Drużynowa');
insert into street (city, street) values ('Poznań', 'Dunajecka');
insert into street (city, street) values ('Poznań', 'Dwatory');
insert into street (city, street) values ('Poznań', 'Działkowa');
insert into street (city, street) values ('Poznań', 'Działyńskich');
insert into street (city, street) values ('Poznań', 'Dzieci Wrzesińskich');
insert into street (city, street) values ('Poznań', 'Dziurawcowa');
insert into street (city, street) values ('Poznań', 'Edmunda Knolla-Kownackiego');
insert into street (city, street) values ('Poznań', 'Edwarda Dembowskiego');
insert into street (city, street) values ('Poznań', 'Elizy Orzeszkowej');
insert into street (city, street) values ('Poznań', 'Emila Zoli');
insert into street (city, street) values ('Poznań', 'Emilii Sczanieckiej');
insert into street (city, street) values ('Poznań', 'Eugeniusza Paukszty');
insert into street (city, street) values ('Poznań', 'Ewangelicka');
insert into street (city, street) values ('Poznań', 'Ewy Szelburg-Zarembiny');
insert into street (city, street) values ('Poznań', 'Feliksa Nowowiejskiego');
insert into street (city, street) values ('Poznań', 'Filarecka');
insert into street (city, street) values ('Poznań', 'Filipiny i Konstancji Studzińskich');
insert into street (city, street) values ('Poznań', 'Folwarczna');
insert into street (city, street) values ('Poznań', 'Franciszka Adamanisa');
insert into street (city, street) values ('Poznań', 'Franciszka Firlika');
insert into street (city, street) values ('Poznań', 'Franciszka Rataja');
insert into street (city, street) values ('Poznań', 'Franciszka Stróżyńskiego');
insert into street (city, street) values ('Poznań', 'Franciszka Włada');
insert into street (city, street) values ('Poznań', 'Fromborska');
insert into street (city, street) values ('Poznań', 'Fryderyka Skarbka');
insert into street (city, street) values ('Poznań', 'Gabrieli Zapolskiej');
insert into street (city, street) values ('Poznań', 'Gardowska');
insert into street (city, street) values ('Poznań', 'Gąsiorowskich');
insert into street (city, street) values ('Poznań', 'Gdyńska');
insert into street (city, street) values ('Poznań', 'Gerberowa');
insert into street (city, street) values ('Poznań', 'Gieorgija Dobrowolskiego');
insert into street (city, street) values ('Poznań', 'Gladiolowa');
insert into street (city, street) values ('Poznań', 'Glinno');
insert into street (city, street) values ('Poznań', 'Głogowska');
insert into street (city, street) values ('Poznań', 'Główna');
insert into street (city, street) values ('Poznań', 'Gołdapska');
insert into street (city, street) values ('Poznań', 'Golęczewska');
insert into street (city, street) values ('Poznań', 'Gołężycka');
insert into street (city, street) values ('Poznań', 'Górczyńska');
insert into street (city, street) values ('Poznań', 'Gorlicka');
insert into street (city, street) values ('Poznań', 'Górnicza');
insert into street (city, street) values ('Poznań', 'Gostyńska');
insert into street (city, street) values ('Poznań', 'Grąbczowska');
insert into street (city, street) values ('Poznań', 'Grabowska');
insert into street (city, street) values ('Poznań', 'Grobla');
insert into street (city, street) values ('Poznań', 'Grodnicka');
insert into street (city, street) values ('Poznań', 'Grodziska');
insert into street (city, street) values ('Poznań', 'Grudziądzka');
insert into street (city, street) values ('Poznań', 'Grunwaldzka');
insert into street (city, street) values ('Poznań', 'Gruzińska');
insert into street (city, street) values ('Poznań', 'Gustawa Herlinga-Grudzińskiego');
insert into street (city, street) values ('Poznań', 'Gwarna');
insert into street (city, street) values ('Poznań', 'Hajduczka');
insert into street (city, street) values ('Poznań', 'Halszki');
insert into street (city, street) values ('Poznań', 'Hanny Januszewskiej');
insert into street (city, street) values ('Poznań', 'Harcerska');
insert into street (city, street) values ('Poznań', 'Heliodora Święcickiego');
insert into street (city, street) values ('Poznań', 'Henryka Derwicha');
insert into street (city, street) values ('Poznań', 'Henryka Kowalówki');
insert into street (city, street) values ('Poznań', 'Henryka Ułaszyna');
insert into street (city, street) values ('Poznań', 'Herbowa');
insert into street (city, street) values ('Poznań', 'Hetmańskie');
insert into street (city, street) values ('Poznań', 'Honoriusza Balzaka');
insert into street (city, street) values ('Poznań', 'Hrubieszowska');
insert into street (city, street) values ('Poznań', 'Huby Moraskie');
insert into street (city, street) values ('Poznań', 'Ignacego Dobrogojskiego');
insert into street (city, street) values ('Poznań', 'Ignacego Krasickiego');
insert into street (city, street) values ('Poznań', 'Ignacego Paderewskiego');
insert into street (city, street) values ('Poznań', 'Inflancka');
insert into street (city, street) values ('Poznań', 'Ireneusza Wierzejewskiego');
insert into street (city, street) values ('Poznań', 'Ireny Sendlerowej');
insert into street (city, street) values ('Poznań', 'Izbicka');
insert into street (city, street) values ('Poznań', 'Jacka Kaczmarskiego');
insert into street (city, street) values ('Poznań', 'Jacka Rychlewskiego');
insert into street (city, street) values ('Poznań', 'Jagodowa');
insert into street (city, street) values ('Poznań', 'Jana Baptysty Quadro');
insert into street (city, street) values ('Poznań', 'Jana Czekanowskiego');
insert into street (city, street) values ('Poznań', 'Jana Karskiego');
insert into street (city, street) values ('Poznań', 'Jana Keplera');
insert into street (city, street) values ('Poznań', 'Jana Kochanowskiego');
insert into street (city, street) values ('Poznań', 'Jana Ostroroga');
insert into street (city, street) values ('Poznań', 'Jana Piekałkiewicza');
insert into street (city, street) values ('Poznań', 'Jana Piwnika');
insert into street (city, street) values ('Poznań', 'Jana Stryczyńskiego');
insert into street (city, street) values ('Poznań', 'Jana Umińskiego');
insert into street (city, street) values ('Poznań', 'Jana Wojkiewicza');
insert into street (city, street) values ('Poznań', 'Janiny Porazińskiej');
insert into street (city, street) values ('Poznań', 'Janowo');
insert into street (city, street) values ('Poznań', 'Janusza Korczaka');
insert into street (city, street) values ('Poznań', 'Jarmużowa');
insert into street (city, street) values ('Poznań', 'Jaromira');
insert into street (city, street) values ('Poznań', 'Jarosława Maciejewskiego');
insert into street (city, street) values ('Poznań', 'Jaskółcza');
insert into street (city, street) values ('Poznań', 'Jasna Rola');
insert into street (city, street) values ('Poznań', 'Jaspisowa');
insert into street (city, street) values ('Poznań', 'Jedlicka');
insert into street (city, street) values ('Poznań', 'Jelitkowska');
insert into street (city, street) values ('Poznań', 'Jerzego Bajana');
insert into street (city, street) values ('Poznań', 'Jesionowa');
insert into street (city, street) values ('Poznań', 'rynek Jeżycki');
insert into street (city, street) values ('Poznań', 'Joachima Lelewela');
insert into street (city, street) values ('Poznań', 'Józefa Edwarda Grobelnego');
insert into street (city, street) values ('Poznań', 'Józefa Hallera');
insert into street (city, street) values ('Poznań', 'Józefa Kościelskiego');
insert into street (city, street) values ('Poznań', 'Józefa Przesławskiego');
insert into street (city, street) values ('Poznań', 'Józefa Rogalińskiego');
insert into street (city, street) values ('Poznań', 'Józefa Sowińskiego');
insert into street (city, street) values ('Poznań', 'Jugosłowiańska');
insert into street (city, street) values ('Poznań', 'Julii i Antoniego Wojkowskich');
insert into street (city, street) values ('Poznań', 'Juliusza Osterwy');
insert into street (city, street) values ('Poznań', 'Jutrosińska');
insert into street (city, street) values ('Poznań', 'Kabaczkowa');
insert into street (city, street) values ('Poznań', 'Kacza');
insert into street (city, street) values ('Poznań', 'Kamienicka');
insert into street (city, street) values ('Poznań', 'Kamieńska');
insert into street (city, street) values ('Poznań', 'Kanclerska');
insert into street (city, street) values ('Poznań', 'Karkonoska');
insert into street (city, street) values ('Poznań', 'Karmelowa');
insert into street (city, street) values ('Poznań', 'Karola Bunscha');
insert into street (city, street) values ('Poznań', 'Karpacka');
insert into street (city, street) values ('Poznań', 'Karsińska');
insert into street (city, street) values ('Poznań', 'Karwieńska');
insert into street (city, street) values ('Poznań', 'Katowicka');
insert into street (city, street) values ('Poznań', 'Kazimierza Brandysa');
insert into street (city, street) values ('Poznań', 'Kazimierza Drewnowskiego');
insert into street (city, street) values ('Poznań', 'Kazimierza Nowakowskiego');
insert into street (city, street) values ('Poznań', 'Kazimierza Spornego');
insert into street (city, street) values ('Poznań', 'Kazimierza Tymienieckiego');
insert into street (city, street) values ('Poznań', 'Kielecka');
insert into street (city, street) values ('Poznań', 'Kirchholmska');
insert into street (city, street) values ('Poznań', 'Klaudyny Potockiej');
insert into street (city, street) values ('Poznań', 'Klimatyczna');
insert into street (city, street) values ('Poznań', 'Klinkierowa');
insert into street (city, street) values ('Poznań', 'Kłońska');
insert into street (city, street) values ('Poznań', 'Knyszyn');
insert into street (city, street) values ('Poznań', 'Kocankowa');
insert into street (city, street) values ('Poznań', 'Kokosowa');
insert into street (city, street) values ('Poznań', 'Kolska');
insert into street (city, street) values ('Poznań', 'Komornicka');
insert into street (city, street) values ('Poznań', 'Konarzewska');
insert into street (city, street) values ('Poznań', 'Konstantego Ildefonsa Gałczyńskiego');
insert into street (city, street) values ('Poznań', 'Konwaliowa');
insert into street (city, street) values ('Poznań', 'Kopciuszka');
insert into street (city, street) values ('Poznań', 'Korczyńska');
insert into street (city, street) values ('Poznań', 'Kórnicka');
insert into street (city, street) values ('Poznań', 'Koronna');
insert into street (city, street) values ('Poznań', 'Kosiarzy');
insert into street (city, street) values ('Poznań', 'Kostrzyńska');
insert into street (city, street) values ('Poznań', 'Koszalińska');
insert into street (city, street) values ('Poznań', 'Kozia');
insert into street (city, street) values ('Poznań', 'Koźmińska');
insert into street (city, street) values ('Poznań', 'Krajenecka');
insert into street (city, street) values ('Poznań', 'Krasnoludków');
insert into street (city, street) values ('Poznań', 'Krokusowa');
insert into street (city, street) values ('Poznań', 'Królewny Śnieżki');
insert into street (city, street) values ('Poznań', 'Krucza');
insert into street (city, street) values ('Poznań', 'Krynicka');
insert into street (city, street) values ('Poznań', 'Kryształowa');
insert into street (city, street) values ('Poznań', 'Krzysztofa Kamila Baczyńskiego');
insert into street (city, street) values ('Poznań', 'Krzywa');
insert into street (city, street) values ('Poznań', 'Krzyżowa');
insert into street (city, street) values ('Poznań', 'ks. Jerzego Popiełuszki');
insert into street (city, street) values ('Poznań', 'ks. Stanisława Brzóski');
insert into street (city, street) values ('Poznań', 'ks.Tomasza Maćkowiaka');
insert into street (city, street) values ('Poznań', 'Ku Dębinie');
insert into street (city, street) values ('Poznań', 'Kukułcza');
insert into street (city, street) values ('Poznań', 'Kurlandzka');
insert into street (city, street) values ('Poznań', 'Kwidzyńska');
insert into street (city, street) values ('Poznań', 'Łabiszyńska');
insert into street (city, street) values ('Poznań', 'Łacina');
insert into street (city, street) values ('Poznań', 'Łanowa');
insert into street (city, street) values ('Poznań', 'Laudańska');
insert into street (city, street) values ('Poznań', 'Lawendowa');
insert into street (city, street) values ('Poznań', 'Łebska');
insert into street (city, street) values ('Poznań', 'Lechicka');
insert into street (city, street) values ('Poznań', 'Lednicka');
insert into street (city, street) values ('Poznań', 'Leopolda Okulickiego');
insert into street (city, street) values ('Poznań', 'Leska');
insert into street (city, street) values ('Poznań', 'Leśników');
insert into street (city, street) values ('Poznań', 'Letniskowa');
insert into street (city, street) values ('Poznań', 'Lidzbarska');
insert into street (city, street) values ('Poznań', 'Liliowa');
insert into street (city, street) values ('Poznań', 'Liryczna');
insert into street (city, street) values ('Poznań', 'Listopadowa');
insert into street (city, street) values ('Poznań', 'Litewska');
insert into street (city, street) values ('Poznań', 'Longinusa Podbipięty');
insert into street (city, street) values ('Poznań', 'Łosiowa');
insert into street (city, street) values ('Poznań', 'Łotewska');
insert into street (city, street) values ('Poznań', 'Łozowa');
insert into street (city, street) values ('Poznań', 'Lubczykowa');
insert into street (city, street) values ('Poznań', 'Lubiatowska');
insert into street (city, street) values ('Poznań', 'Lubowska');
insert into street (city, street) values ('Poznań', 'Łucji Danielewskiej');
insert into street (city, street) values ('Poznań', 'Łuczanowska');
insert into street (city, street) values ('Poznań', 'Ludwika Krzywickiego');
insert into street (city, street) values ('Poznań', 'Ludwika Zamenhofa');
insert into street (city, street) values ('Poznań', 'Ługańska');
insert into street (city, street) values ('Poznań', 'Lwa Tołstoja');
insert into street (city, street) values ('Poznań', 'Łysogórska');
insert into street (city, street) values ('Poznań', 'Macieja Palacza');
insert into street (city, street) values ('Poznań', 'Magnacka');
insert into street (city, street) values ('Poznań', 'Majowa');
insert into street (city, street) values ('Poznań', 'Maków Polnych');
insert into street (city, street) values ('Poznań', 'Malachitowa');
insert into street (city, street) values ('Poznań', 'Malechowska');
insert into street (city, street) values ('Poznań', 'Małopolska');
insert into street (city, street) values ('Poznań', 'Marcelin Fort VII');
insert into street (city, street) values ('Poznań', 'Marcina Rożka');
insert into street (city, street) values ('Poznań', 'Margonińska');
insert into street (city, street) values ('Poznań', 'Marianny Marszałkowskiej-Kaniewskiej');
insert into street (city, street) values ('Poznań', 'Marii Dulębianki');
insert into street (city, street) values ('Poznań', 'Marii i Lecha Kaczyńskich');
insert into street (city, street) values ('Poznań', 'Marii Rodziewiczówny');
insert into street (city, street) values ('Poznań', 'Marii Szembekowej');
insert into street (city, street) values ('Poznań', 'Marii Wicherkiewicz');
insert into street (city, street) values ('Poznań', 'Marzanny');
insert into street (city, street) values ('Poznań', 'Masztowa');
insert into street (city, street) values ('Poznań', 'Mazowiecka');
insert into street (city, street) values ('Poznań', 'Mewy');
insert into street (city, street) values ('Poznań', 'Michaiła Bułhakowa');
insert into street (city, street) values ('Poznań', 'Michała Bałuckiego');
insert into street (city, street) values ('Poznań', 'Michała Tomiaka');
insert into street (city, street) values ('Poznań', 'Michałowo');
insert into street (city, street) values ('Poznań', 'Miechowska');
insert into street (city, street) values ('Poznań', 'Mieczysławy Ruxerówny');
insert into street (city, street) values ('Poznań', 'Międzychodzka');
insert into street (city, street) values ('Poznań', 'Międzymoście');
insert into street (city, street) values ('Poznań', 'Mikołaja Dobrzyckiego');
insert into street (city, street) values ('Poznań', 'Mikołaja Rudnickiego');
insert into street (city, street) values ('Poznań', 'Mikołowska');
insert into street (city, street) values ('Poznań', 'Miłowita');
insert into street (city, street) values ('Poznań', 'Miodowa');
insert into street (city, street) values ('Poznań', 'Mirosławiecka');
insert into street (city, street) values ('Poznań', 'Młyńska');
insert into street (city, street) values ('Poznań', 'Modrakowa');
insert into street (city, street) values ('Poznań', 'Mogileńska');
insert into street (city, street) values ('Poznań', 'Morawska');
insert into street (city, street) values ('Poznań', 'Morska');
insert into street (city, street) values ('Poznań', 'Morwowa');
insert into street (city, street) values ('Poznań', 'Mrzeżyńska');
insert into street (city, street) values ('Poznań', 'Murna');
insert into street (city, street) values ('Poznań', 'Muszyńska');
insert into street (city, street) values ('Poznań', 'Na Murawie');
insert into street (city, street) values ('Poznań', 'Na Stoku');
insert into street (city, street) values ('Poznań', 'Na Uboczu');
insert into street (city, street) values ('Poznań', 'Nad Potokiem');
insert into street (city, street) values ('Poznań', 'Nad Seganką');
insert into street (city, street) values ('Poznań', 'Nad Starynką');
insert into street (city, street) values ('Poznań', 'Nakielska');
insert into street (city, street) values ('Poznań', 'Napoleońska');
insert into street (city, street) values ('Poznań', 'Narcyzowa');
insert into street (city, street) values ('Poznań', 'Nektarynkowa');
insert into street (city, street) values ('Poznań', 'Niecała');
insert into street (city, street) values ('Poznań', 'Niepodległości');
insert into street (city, street) values ('Poznań', 'Nikołaja Gogola');
insert into street (city, street) values ('Poznań', 'Nizinna');
insert into street (city, street) values ('Poznań', 'Nostrzykowa');
insert into street (city, street) values ('Poznań', 'Nowosolska');
insert into street (city, street) values ('Poznań', 'Nowy Świat');
insert into street (city, street) values ('Poznań', 'o. Honoriusza Kowalczyka');
insert into street (city, street) values ('Poznań', 'Obrońców Ukrainy 2022');
insert into street (city, street) values ('Poznań', 'Obrzeże');
insert into street (city, street) values ('Poznań', 'Obrzycka');
insert into street (city, street) values ('Poznań', 'Ogrodowa');
insert into street (city, street) values ('Poznań', 'Okólna');
insert into street (city, street) values ('Poznań', 'Okopowa');
insert into street (city, street) values ('Poznań', 'Oleszycka');
insert into street (city, street) values ('Poznań', 'Olimpijska');
insert into street (city, street) values ('Poznań', 'Oliwska');
insert into street (city, street) values ('Poznań', 'Opalenicka');
insert into street (city, street) values ('Poznań', 'Opawska');
insert into street (city, street) values ('Poznań', 'Opoczyńska');
insert into street (city, street) values ('Poznań', 'Orląt');
insert into street (city, street) values ('Poznań', 'Ornecka');
insert into street (city, street) values ('Poznań', 'Orzechowa');
insert into street (city, street) values ('Poznań', 'Ostródzka');
insert into street (city, street) values ('Poznań', 'Ostrówek');
insert into street (city, street) values ('Poznań', 'Ostrzeszowska');
insert into street (city, street) values ('Poznań', 'Owidiusza');
insert into street (city, street) values ('Poznań', 'Owsiana');
insert into street (city, street) values ('Poznań', 'Ozimina');
insert into street (city, street) values ('Poznań', 'Pana Twardowskiego');
insert into street (city, street) values ('Poznań', 'Papuszy');
insert into street (city, street) values ('Poznań', 'Pasieka');
insert into street (city, street) values ('Poznań', 'Pawła Cymsa');
insert into street (city, street) values ('Poznań', 'Pawła Zołotowa');
insert into street (city, street) values ('Poznań', 'Pelplińska');
insert into street (city, street) values ('Poznań', 'Petuniowa');
insert into street (city, street) values ('Poznań', 'Piaśnicka');
insert into street (city, street) values ('Poznań', 'Piastowskie');
insert into street (city, street) values ('Poznań', 'Pilicka');
insert into street (city, street) values ('Poznań', 'Pińczowska');
insert into street (city, street) values ('Poznań', 'Pionierska');
insert into street (city, street) values ('Poznań', 'Piotrowska');
insert into street (city, street) values ('Poznań', 'Plac Pomorski');
insert into street (city, street) values ('Poznań', 'Plauta');
insert into street (city, street) values ('Poznań', 'Pniewska');
insert into street (city, street) values ('Poznań', 'Pochyła');
insert into street (city, street) values ('Poznań', 'Podbiałowa');
insert into street (city, street) values ('Poznań', 'Podjaryszki');
insert into street (city, street) values ('Poznań', 'Podlaska');
insert into street (city, street) values ('Poznań', 'Podmiejska');
insert into street (city, street) values ('Poznań', 'Pogodna');
insert into street (city, street) values ('Poznań', 'Połabska');
insert into street (city, street) values ('Poznań', 'Polanicka');
insert into street (city, street) values ('Poznań', 'Poleska');
insert into street (city, street) values ('Poznań', 'Policka');
insert into street (city, street) values ('Poznań', 'Polna');
insert into street (city, street) values ('Poznań', 'Pomidorowa');
insert into street (city, street) values ('Poznań', 'Popiela');
insert into street (city, street) values ('Poznań', 'Popradzka');
insert into street (city, street) values ('Poznań', 'Poronińska');
insert into street (city, street) values ('Poznań', 'Poświata');
insert into street (city, street) values ('Poznań', 'Powozowa');
insert into street (city, street) values ('Poznań', 'Pozdawnicka');
insert into street (city, street) values ('Poznań', 'Poznańskie Sady');
insert into street (city, street) values ('Poznań', 'Prabucka');
insert into street (city, street) values ('Poznań', 'Proszowicka');
insert into street (city, street) values ('Poznań', 'Pruszkowska');
insert into street (city, street) values ('Poznań', 'Prymasa Augusta Hlonda');
insert into street (city, street) values ('Poznań', 'Przedwiośnia');
insert into street (city, street) values ('Poznań', 'Przełom');
insert into street (city, street) values ('Poznań', 'Przemyska');
insert into street (city, street) values ('Poznań', 'Przesmyk');
insert into street (city, street) values ('Poznań', 'Przy Autostradzie');
insert into street (city, street) values ('Poznań', 'Przy Lotnisku');
insert into street (city, street) values ('Poznań', 'Przylaszczkowa');
insert into street (city, street) values ('Poznań', 'Przytulna');
insert into street (city, street) values ('Poznań', 'Pszczelna');
insert into street (city, street) values ('Poznań', 'Pułtuska');
insert into street (city, street) values ('Poznań', 'Pyrzyczańska');
insert into street (city, street) values ('Poznań', 'Rabina Akivy Egera');
insert into street (city, street) values ('Poznań', 'Radomska');
insert into street (city, street) values ('Poznań', 'Radyńska');
insert into street (city, street) values ('Poznań', 'Radziwoja');
insert into street (city, street) values ('Poznań', 'Rataje');
insert into street (city, street) values ('Poznań', 'Rdestowa');
insert into street (city, street) values ('Poznań', 'Redarowska');
insert into street (city, street) values ('Poznań', 'Rewalska');
insert into street (city, street) values ('Poznań', 'Robocza');
insert into street (city, street) values ('Poznań', 'Rodawska');
insert into street (city, street) values ('Poznań', 'Rokity');
insert into street (city, street) values ('Poznań', 'Romana Brandstaettera');
insert into street (city, street) values ('Poznań', 'Romana Drewsa');
insert into street (city, street) values ('Poznań', 'Romana Wilhelmiego');
insert into street (city, street) values ('Poznań', 'Romualda Traugutta');
insert into street (city, street) values ('Poznań', 'Roślinna');
insert into street (city, street) values ('Poznań', 'Roztocka');
insert into street (city, street) values ('Poznań', 'Rubież');
insert into street (city, street) values ('Poznań', 'Ruczajowa');
insert into street (city, street) values ('Poznań', 'Rumiankowa');
insert into street (city, street) values ('Poznań', 'Ruska');
insert into street (city, street) values ('Poznań', 'Rybaki');
insert into street (city, street) values ('Poznań', 'Rymanowska');
insert into street (city, street) values ('Poznań', 'Rypińska');
insert into street (city, street) values ('Poznań', 'Ryszarda Berwińskiego');
insert into street (city, street) values ('Poznań', 'Rzepińska');
insert into street (city, street) values ('Poznań', 'Rzodkiewkowa');
insert into street (city, street) values ('Poznań', 'Sadnicka');
insert into street (city, street) values ('Poznań', 'Sandomierska');
insert into street (city, street) values ('Poznań', 'Saperska');
insert into street (city, street) values ('Poznań', 'Sarmacka');
insert into street (city, street) values ('Poznań', 'Selerowa');
insert into street (city, street) values ('Poznań', 'Sępia');
insert into street (city, street) values ('Poznań', 'Serafitek');
insert into street (city, street) values ('Poznań', 'Siedliskowa');
insert into street (city, street) values ('Poznań', 'Sielawy');
insert into street (city, street) values ('Poznań', 'Sieradzka');
insert into street (city, street) values ('Poznań', 'Silniki');
insert into street (city, street) values ('Poznań', 'Skarszewska');
insert into street (city, street) values ('Poznań', 'Skawińska');
insert into street (city, street) values ('Poznań', 'Skotarska');
insert into street (city, street) values ('Poznań', 'Skromna');
insert into street (city, street) values ('Poznań', 'Skrzydlata');
insert into street (city, street) values ('Poznań', 'Sławomira');
insert into street (city, street) values ('Poznań', 'Ślężańska');
insert into street (city, street) values ('Poznań', 'Śliwkowa');
insert into street (city, street) values ('Poznań', 'Słowiańskie');
insert into street (city, street) values ('Poznań', 'Słupecka');
insert into street (city, street) values ('Poznań', 'Ślusarska');
insert into street (city, street) values ('Poznań', 'Smoleńska');
insert into street (city, street) values ('Poznań', 'Śnieżna');
insert into street (city, street) values ('Poznań', 'Sobiesława');
insert into street (city, street) values ('Poznań', 'Sokoła');
insert into street (city, street) values ('Poznań', 'Sołtysia');
insert into street (city, street) values ('Poznań', 'Soroki');
insert into street (city, street) values ('Poznań', 'Spadzista');
insert into street (city, street) values ('Poznań', 'Spławie');
insert into street (city, street) values ('Poznań', 'Sporna');
insert into street (city, street) values ('Poznań', 'rynek Śródecki');
insert into street (city, street) values ('Poznań', 'Stanisława Barańczaka');
insert into street (city, street) values ('Poznań', 'Stanisława Broniewskiego');
insert into street (city, street) values ('Poznań', 'Stanisława Jachowicza');
insert into street (city, street) values ('Poznań', 'Stanisława Karwowskiego');
insert into street (city, street) values ('Poznań', 'Stanisława Knapowskiego');
insert into street (city, street) values ('Poznań', 'Stanisława Matyi');
insert into street (city, street) values ('Poznań', 'Stanisława Nowakowskiego');
insert into street (city, street) values ('Poznań', 'Stanisława Pawłowskiego');
insert into street (city, street) values ('Poznań', 'Stanisława Staszica');
insert into street (city, street) values ('Poznań', 'Stanisława Taczaka');
insert into street (city, street) values ('Poznań', 'Stanisława Wiechowicza');
insert into street (city, street) values ('Poznań', 'Stare Żegrze');
insert into street (city, street) values ('Poznań', 'Starołęcka');
insert into street (city, street) values ('Poznań', 'Starowiejska');
insert into street (city, street) values ('Poznań', 'Stefana Batorego');
insert into street (city, street) values ('Poznań', 'Stefana Grota-Roweckiego');
insert into street (city, street) values ('Poznań', 'Stefana Kisielewskiego');
insert into street (city, street) values ('Poznań', 'Stefana Vrtela-Wierczyńskiego');
insert into street (city, street) values ('Poznań', 'Stefanii Wojtulanis-Karpińskiej');
insert into street (city, street) values ('Poznań', 'Sterowa');
insert into street (city, street) values ('Poznań', 'Storczykowa');
insert into street (city, street) values ('Poznań', 'Strzałkowska');
insert into street (city, street) values ('Poznań', 'Strzecha');
insert into street (city, street) values ('Poznań', 'Studzienna');
insert into street (city, street) values ('Poznań', 'Sulechowska');
insert into street (city, street) values ('Poznań', 'Sułkowicka');
insert into street (city, street) values ('Poznań', 'św. Floriana');
insert into street (city, street) values ('Poznań', 'św. Kingi');
insert into street (city, street) values ('Poznań', 'św. Marii Magdaleny');
insert into street (city, street) values ('Poznań', 'Swantibora');
insert into street (city, street) values ('Poznań', 'Świątniczki');
insert into street (city, street) values ('Poznań', 'Światowida');
insert into street (city, street) values ('Poznań', 'Świerzawska');
insert into street (city, street) values ('Poznań', 'Świętochny');
insert into street (city, street) values ('Poznań', 'Świętojańska');
insert into street (city, street) values ('Poznań', 'Swoboda');
insert into street (city, street) values ('Poznań', 'Sycowska');
insert into street (city, street) values ('Poznań', 'Synów Pułku');
insert into street (city, street) values ('Poznań', 'Szafranowa');
insert into street (city, street) values ('Poznań', 'Szamocińska');
insert into street (city, street) values ('Poznań', 'Szantowa');
insert into street (city, street) values ('Poznań', 'Szczęśliwa');
insert into street (city, street) values ('Poznań', 'Szczytnicka');
insert into street (city, street) values ('Poznań', 'Szelągowska');
insert into street (city, street) values ('Poznań', 'Szmaragdowa');
insert into street (city, street) values ('Poznań', 'Szparagowa');
insert into street (city, street) values ('Poznań', 'Szpitalna');
insert into street (city, street) values ('Poznań', 'Szwajcarska');
insert into street (city, street) values ('Poznań', 'Szydłowiecka');
insert into street (city, street) values ('Poznań', 'Szymborska');
insert into street (city, street) values ('Poznań', 'Tadeusza Mikke');
insert into street (city, street) values ('Poznań', 'Tadeusza Szeligowskiego');
insert into street (city, street) values ('Poznań', 'Tajnej Organizacji Nauczycielskiej');
insert into street (city, street) values ('Poznań', 'Tczewska');
insert into street (city, street) values ('Poznań', 'Teodora Łagody');
insert into street (city, street) values ('Poznań', 'Teodora Tyca');
insert into street (city, street) values ('Poznań', 'Ternicka');
insert into street (city, street) values ('Poznań', 'Tomasza Zana');
insert into street (city, street) values ('Poznań', 'Tony Halika');
insert into street (city, street) values ('Poznań', 'Towarowa');
insert into street (city, street) values ('Poznań', 'Trocka');
insert into street (city, street) values ('Poznań', 'Truskawiecka');
insert into street (city, street) values ('Poznań', 'Trzech Tramwajarek');
insert into street (city, street) values ('Poznań', 'Tulipanowa');
insert into street (city, street) values ('Poznań', 'Turniowa');
insert into street (city, street) values ('Poznań', 'Tyniecka');
insert into street (city, street) values ('Poznań', 'Tyska');
insert into street (city, street) values ('Poznań', 'Ułańska');
insert into street (city, street) values ('Poznań', 'Urbanowska');
insert into street (city, street) values ('Poznań', 'Urszulanek');
insert into street (city, street) values ('Poznań', 'Urwista');
insert into street (city, street) values ('Poznań', 'Wacława Kopydłowskiego i Leona Stróżczyńskiego');
insert into street (city, street) values ('Poznań', 'Wadowicka');
insert into street (city, street) values ('Poznań', 'Wągrowiecka');
insert into street (city, street) values ('Poznań', 'Wandy Modlibowskiej');
insert into street (city, street) values ('Poznań', 'Warmińska');
insert into street (city, street) values ('Poznań', 'Warpińska');
insert into street (city, street) values ('Poznań', 'Wąwozowa');
insert into street (city, street) values ('Poznań', 'Wdzięczna');
insert into street (city, street) values ('Poznań', 'Węgorzewska');
insert into street (city, street) values ('Poznań', 'Wiatraczna');
insert into street (city, street) values ('Poznań', 'Wichrowe Wzgórze');
insert into street (city, street) values ('Poznań', 'Widłakowa');
insert into street (city, street) values ('Poznań', 'Wielichowska');
insert into street (city, street) values ('Poznań', 'Wielkopolska');
insert into street (city, street) values ('Poznań', 'Wieluńska');
insert into street (city, street) values ('Poznań', 'Wiesławy');
insert into street (city, street) values ('Poznań', 'Wiewiórcza');
insert into street (city, street) values ('Poznań', 'Więzowska');
insert into street (city, street) values ('Poznań', 'Wilcza');
insert into street (city, street) values ('Poznań', 'Wileńska');
insert into street (city, street) values ('Poznań', 'Wilkońskich');
insert into street (city, street) values ('Poznań', 'Wincentego Różańskiego');
insert into street (city, street) values ('Poznań', 'Winiarska');
insert into street (city, street) values ('Poznań', 'Winna');
insert into street (city, street) values ('Poznań', 'Wiślana');
insert into street (city, street) values ('Poznań', 'Wiśniowa');
insert into street (city, street) values ('Poznań', 'Witnicka');
insert into street (city, street) values ('Poznań', 'Władysława Bełzy');
insert into street (city, street) values ('Poznań', 'Władysława Jagiełły');
insert into street (city, street) values ('Poznań', 'Władysława Kozłowskiego');
insert into street (city, street) values ('Poznań', 'Władysława Syrokomli');
insert into street (city, street) values ('Poznań', 'Władysława Zamoyskiego');
insert into street (city, street) values ('Poznań', 'Włodarska');
insert into street (city, street) values ('Poznań', 'Wojciecha Bąka');
insert into street (city, street) values ('Poznań', 'Wojciecha Cybulskiego');
insert into street (city, street) values ('Poznań', 'Wojciecha Skowrońskiego');
insert into street (city, street) values ('Poznań', 'Wolbromska');
insert into street (city, street) values ('Poznań', 'Wołkowyska');
insert into street (city, street) values ('Poznań', 'Wolnica');
insert into street (city, street) values ('Poznań', 'Woźna');
insert into street (city, street) values ('Poznań', 'Wronczyńska');
insert into street (city, street) values ('Poznań', 'Wrotyczowa');
insert into street (city, street) values ('Poznań', 'Wszechnicy Piastowskiej');
insert into street (city, street) values ('Poznań', 'Wygon');
insert into street (city, street) values ('Poznań', 'Wyłom');
insert into street (city, street) values ('Poznań', 'Wyżyny');
insert into street (city, street) values ('Poznań', 'Xawerego Dunikowskiego');
insert into street (city, street) values ('Poznań', 'Za Cybiną');
insert into street (city, street) values ('Poznań', 'Zachodnia');
insert into street (city, street) values ('Poznań', 'Żagańska');
insert into street (city, street) values ('Poznań', 'Zagonowa');
insert into street (city, street) values ('Poznań', 'Zakopiańska');
insert into street (city, street) values ('Poznań', 'Zambrowska');
insert into street (city, street) values ('Poznań', 'Zamknięta');
insert into street (city, street) values ('Poznań', 'Zawady');
insert into street (city, street) values ('Poznań', 'Zbąszyńska');
insert into street (city, street) values ('Poznań', 'Zbigniewa Burzyńskiego');
insert into street (city, street) values ('Poznań', 'Zdobywców Monte Cassino');
insert into street (city, street) values ('Poznań', 'Zdziechowska');
insert into street (city, street) values ('Poznań', 'Zdzisławy');
insert into street (city, street) values ('Poznań', 'Zenona Kosidowskiego');
insert into street (city, street) values ('Poznań', 'Zgoda');
insert into street (city, street) values ('Poznań', 'Ziarnista');
insert into street (city, street) values ('Poznań', 'Ziemska');
insert into street (city, street) values ('Poznań', 'Zjazd');
insert into street (city, street) values ('Poznań', 'Złocieniecka');
insert into street (city, street) values ('Poznań', 'Żmigrodzka');
insert into street (city, street) values ('Poznań', 'Żniwna');
insert into street (city, street) values ('Poznań', 'Zodiakowa');
insert into street (city, street) values ('Poznań', 'Żołnierzy Lenino');
insert into street (city, street) values ('Poznań', 'Żołnierzy Wyklętych');
insert into street (city, street) values ('Poznań', 'Żorska');
insert into street (city, street) values ('Poznań', 'Żurawinowa');
insert into street (city, street) values ('Poznań', 'Zwierzyniecka');
insert into street (city, street) values ('Poznań', 'Zwrotnicza');
insert into street (city, street) values ('Poznań', 'Zygmunta Starego');
insert into street (city, street) values ('Poznań', 'Zygmunta Wojciechowskiego');
insert into street (city, street) values ('Poznań', 'Zygmunta Żuraszka');


insert into address (country, city, street, building_number) values ('Polska', 'Poznań', 'Międzyborska','5');
insert into address (country, city, street, building_number) values ('Polska', 'Poznań', 'Adama Mickiewicza','25');
insert into address (country, city, street, building_number) values ('Polska', 'Poznań', 'Altanowa','15');
insert into address (country, city, street, building_number) values ('Polska', 'Poznań', 'Bernardyński','5');
insert into address (country, city, street, building_number) values ('Polska', 'Poznań', 'Polna','19');
insert into address (country, city, street, building_number) values ('Polska', 'Poznań', 'Chodzieska','4');
insert into address (country, city, street, building_number) values ('Polska', 'Poznań', 'Grunwaldzka','5');
insert into address (country, city, street, building_number) values ('Polska', 'Poznań', 'Energetyczna','5');
insert into address (country, city, street, building_number) values ('Polska', 'Poznań', 'Floksowa','5');
insert into address (country, city, street, building_number) values ('Polska', 'Poznań', 'Geodetów','5');
insert into address (country, city, street, building_number) values ('Polska', 'Poznań', 'Heleny Rzepeckiej','5');
insert into address (country, city, street, building_number) values ('Polska', 'Poznań', 'Ignacego Krasickiego','9');
insert into address (country, city, street, building_number) values ('Polska', 'Poznań', 'Międzyborska','15');
insert into address (country, city, street, building_number) values ('Polska', 'Poznań', 'Adama Mickiewicza','25');
insert into address (country, city, street, building_number) values ('Polska', 'Poznań', 'Fromborska','25');
insert into address (country, city, street, building_number) values ('Polska', 'Poznań', 'Bernardyński','5');
insert into address (country, city, street, building_number) values ('Polska', 'Poznań', 'Polna','19');
insert into address (country, city, street, building_number) values ('Polska', 'Poznań', 'Chodzieska','44');
insert into address (country, city, street, building_number) values ('Polska', 'Poznań', 'Grunwaldzka','35');
insert into address (country, city, street, building_number) values ('Polska', 'Poznań', 'Gołężycka','5');
insert into address (country, city, street, building_number) values ('Polska', 'Poznań', 'Inflancka','51');
insert into address (country, city, street, building_number) values ('Polska', 'Poznań', 'Geodetów','5');
insert into address (country, city, street, building_number) values ('Polska', 'Poznań', 'Gostyńska','15');
insert into address (country, city, street, building_number) values ('Polska', 'Poznań', 'Cześnikowska','9');

insert into restaurant (name, phone, email, address_id, owner_id) values ('La Dolce Vita', '970 540 3647', 'dolce@t-online.de', '1', '1');
insert into restaurant (name, phone, email, address_id, owner_id) values ('Tradycje Smaku', '973 794 9792', 'kuchniapolska@cbc.ca', '3 ', '1');
insert into restaurant (name, phone, email, address_id, owner_id) values ('MustafaKebap', '859 766 0860', 'mustafa@dot.gov', '5', '1');
insert into restaurant (name, phone, email, address_id, owner_id) values ('Akropol', '621 301 6838', 'akropol@gmail.com', '7', '1');
insert into restaurant (name, phone, email, address_id, owner_id) values ('Wielki Mur', '307 373 0225', 'chinaeats@accuweather.com', '6', '1');
insert into restaurant (name, phone, email, address_id, owner_id) values ('Złoty Tygrys', '307 123 0225', 'vifonsan@accuweather.com', '10', '1');


insert into restaurant_street (restaurant_id, street_id) values (1,1);
insert into restaurant_street (restaurant_id, street_id) values (1,2);
insert into restaurant_street (restaurant_id, street_id) values (1,3);
insert into restaurant_street (restaurant_id, street_id) values (1,4);
insert into restaurant_street (restaurant_id, street_id) values (1,5);
insert into restaurant_street (restaurant_id, street_id) values (1,6);
insert into restaurant_street (restaurant_id, street_id) values (1,7);
insert into restaurant_street (restaurant_id, street_id) values (1,8);
insert into restaurant_street (restaurant_id, street_id) values (1,9);
insert into restaurant_street (restaurant_id, street_id) values (1,10);
insert into restaurant_street (restaurant_id, street_id) values (1,11);
insert into restaurant_street (restaurant_id, street_id) values (1,12);
insert into restaurant_street (restaurant_id, street_id) values (1,13);
insert into restaurant_street (restaurant_id, street_id) values (1,14);
insert into restaurant_street (restaurant_id, street_id) values (1,15);
insert into restaurant_street (restaurant_id, street_id) values (1,16);
insert into restaurant_street (restaurant_id, street_id) values (1,17);
insert into restaurant_street (restaurant_id, street_id) values (1,18);
insert into restaurant_street (restaurant_id, street_id) values (1,19);
insert into restaurant_street (restaurant_id, street_id) values (1,20);
insert into restaurant_street (restaurant_id, street_id) values (1,21);
insert into restaurant_street (restaurant_id, street_id) values (1,22);
insert into restaurant_street (restaurant_id, street_id) values (1,23);
insert into restaurant_street (restaurant_id, street_id) values (1,24);
insert into restaurant_street (restaurant_id, street_id) values (1,25);
insert into restaurant_street (restaurant_id, street_id) values (1,26);
insert into restaurant_street (restaurant_id, street_id) values (1,27);
insert into restaurant_street (restaurant_id, street_id) values (1,28);
insert into restaurant_street (restaurant_id, street_id) values (1,29);
insert into restaurant_street (restaurant_id, street_id) values (1,30);
insert into restaurant_street (restaurant_id, street_id) values (1,31);
insert into restaurant_street (restaurant_id, street_id) values (1,32);
insert into restaurant_street (restaurant_id, street_id) values (1,33);
insert into restaurant_street (restaurant_id, street_id) values (1,34);
insert into restaurant_street (restaurant_id, street_id) values (1,35);
insert into restaurant_street (restaurant_id, street_id) values (1,36);
insert into restaurant_street (restaurant_id, street_id) values (1,37);
insert into restaurant_street (restaurant_id, street_id) values (1,38);
insert into restaurant_street (restaurant_id, street_id) values (1,39);
insert into restaurant_street (restaurant_id, street_id) values (1,40);

insert into restaurant_street (restaurant_id, street_id) values (2,1);
insert into restaurant_street (restaurant_id, street_id) values (2,2);
insert into restaurant_street (restaurant_id, street_id) values (2,3);
insert into restaurant_street (restaurant_id, street_id) values (2,4);
insert into restaurant_street (restaurant_id, street_id) values (2,5);
insert into restaurant_street (restaurant_id, street_id) values (2,6);
insert into restaurant_street (restaurant_id, street_id) values (2,7);
insert into restaurant_street (restaurant_id, street_id) values (2,8);
insert into restaurant_street (restaurant_id, street_id) values (2,9);
insert into restaurant_street (restaurant_id, street_id) values (2,10);
insert into restaurant_street (restaurant_id, street_id) values (2,11);
insert into restaurant_street (restaurant_id, street_id) values (2,12);
insert into restaurant_street (restaurant_id, street_id) values (2,13);
insert into restaurant_street (restaurant_id, street_id) values (2,14);
insert into restaurant_street (restaurant_id, street_id) values (2,15);
insert into restaurant_street (restaurant_id, street_id) values (2,16);
insert into restaurant_street (restaurant_id, street_id) values (2,17);
insert into restaurant_street (restaurant_id, street_id) values (2,18);
insert into restaurant_street (restaurant_id, street_id) values (2,19);
insert into restaurant_street (restaurant_id, street_id) values (2,20);
insert into restaurant_street (restaurant_id, street_id) values (2,21);
insert into restaurant_street (restaurant_id, street_id) values (2,22);
insert into restaurant_street (restaurant_id, street_id) values (2,23);
insert into restaurant_street (restaurant_id, street_id) values (2,24);
insert into restaurant_street (restaurant_id, street_id) values (2,25);
insert into restaurant_street (restaurant_id, street_id) values (2,26);
insert into restaurant_street (restaurant_id, street_id) values (2,27);
insert into restaurant_street (restaurant_id, street_id) values (2,28);
insert into restaurant_street (restaurant_id, street_id) values (2,29);
insert into restaurant_street (restaurant_id, street_id) values (2,30);
insert into restaurant_street (restaurant_id, street_id) values (2,31);
insert into restaurant_street (restaurant_id, street_id) values (2,32);
insert into restaurant_street (restaurant_id, street_id) values (2,33);
insert into restaurant_street (restaurant_id, street_id) values (2,34);
insert into restaurant_street (restaurant_id, street_id) values (2,35);
insert into restaurant_street (restaurant_id, street_id) values (2,36);
insert into restaurant_street (restaurant_id, street_id) values (2,37);
insert into restaurant_street (restaurant_id, street_id) values (2,38);
insert into restaurant_street (restaurant_id, street_id) values (2,39);
insert into restaurant_street (restaurant_id, street_id) values (2,40);


insert into restaurant_street (restaurant_id, street_id) values (3,1);
insert into restaurant_street (restaurant_id, street_id) values (3,2);
insert into restaurant_street (restaurant_id, street_id) values (3,3);
insert into restaurant_street (restaurant_id, street_id) values (3,4);
insert into restaurant_street (restaurant_id, street_id) values (3,5);
insert into restaurant_street (restaurant_id, street_id) values (3,6);
insert into restaurant_street (restaurant_id, street_id) values (3,7);
insert into restaurant_street (restaurant_id, street_id) values (3,8);
insert into restaurant_street (restaurant_id, street_id) values (3,9);
insert into restaurant_street (restaurant_id, street_id) values (3,10);
insert into restaurant_street (restaurant_id, street_id) values (3,11);
insert into restaurant_street (restaurant_id, street_id) values (3,12);
insert into restaurant_street (restaurant_id, street_id) values (3,13);
insert into restaurant_street (restaurant_id, street_id) values (3,14);
insert into restaurant_street (restaurant_id, street_id) values (3,15);
insert into restaurant_street (restaurant_id, street_id) values (3,16);
insert into restaurant_street (restaurant_id, street_id) values (3,17);
insert into restaurant_street (restaurant_id, street_id) values (3,18);
insert into restaurant_street (restaurant_id, street_id) values (3,19);
insert into restaurant_street (restaurant_id, street_id) values (3,20);
insert into restaurant_street (restaurant_id, street_id) values (3,21);
insert into restaurant_street (restaurant_id, street_id) values (3,22);
insert into restaurant_street (restaurant_id, street_id) values (3,23);
insert into restaurant_street (restaurant_id, street_id) values (3,24);
insert into restaurant_street (restaurant_id, street_id) values (3,25);
insert into restaurant_street (restaurant_id, street_id) values (3,26);
insert into restaurant_street (restaurant_id, street_id) values (3,27);
insert into restaurant_street (restaurant_id, street_id) values (3,28);
insert into restaurant_street (restaurant_id, street_id) values (3,29);
insert into restaurant_street (restaurant_id, street_id) values (3,30);
insert into restaurant_street (restaurant_id, street_id) values (3,31);
insert into restaurant_street (restaurant_id, street_id) values (3,32);
insert into restaurant_street (restaurant_id, street_id) values (3,33);
insert into restaurant_street (restaurant_id, street_id) values (3,34);
insert into restaurant_street (restaurant_id, street_id) values (3,35);
insert into restaurant_street (restaurant_id, street_id) values (3,36);
insert into restaurant_street (restaurant_id, street_id) values (3,37);
insert into restaurant_street (restaurant_id, street_id) values (3,38);
insert into restaurant_street (restaurant_id, street_id) values (3,39);
insert into restaurant_street (restaurant_id, street_id) values (3,40);

insert into restaurant_street (restaurant_id, street_id) values (4,1);
insert into restaurant_street (restaurant_id, street_id) values (4,2);
insert into restaurant_street (restaurant_id, street_id) values (4,3);
insert into restaurant_street (restaurant_id, street_id) values (4,4);
insert into restaurant_street (restaurant_id, street_id) values (4,5);
insert into restaurant_street (restaurant_id, street_id) values (4,6);
insert into restaurant_street (restaurant_id, street_id) values (4,7);
insert into restaurant_street (restaurant_id, street_id) values (4,8);
insert into restaurant_street (restaurant_id, street_id) values (4,9);
insert into restaurant_street (restaurant_id, street_id) values (4,10);
insert into restaurant_street (restaurant_id, street_id) values (4,11);
insert into restaurant_street (restaurant_id, street_id) values (4,12);
insert into restaurant_street (restaurant_id, street_id) values (4,13);
insert into restaurant_street (restaurant_id, street_id) values (4,14);
insert into restaurant_street (restaurant_id, street_id) values (4,15);
insert into restaurant_street (restaurant_id, street_id) values (4,16);
insert into restaurant_street (restaurant_id, street_id) values (4,17);
insert into restaurant_street (restaurant_id, street_id) values (4,18);
insert into restaurant_street (restaurant_id, street_id) values (4,19);
insert into restaurant_street (restaurant_id, street_id) values (4,20);
insert into restaurant_street (restaurant_id, street_id) values (4,21);
insert into restaurant_street (restaurant_id, street_id) values (4,22);
insert into restaurant_street (restaurant_id, street_id) values (4,23);
insert into restaurant_street (restaurant_id, street_id) values (4,24);
insert into restaurant_street (restaurant_id, street_id) values (4,25);
insert into restaurant_street (restaurant_id, street_id) values (4,26);
insert into restaurant_street (restaurant_id, street_id) values (4,27);
insert into restaurant_street (restaurant_id, street_id) values (4,28);
insert into restaurant_street (restaurant_id, street_id) values (4,29);
insert into restaurant_street (restaurant_id, street_id) values (4,30);
insert into restaurant_street (restaurant_id, street_id) values (4,31);
insert into restaurant_street (restaurant_id, street_id) values (4,32);
insert into restaurant_street (restaurant_id, street_id) values (4,33);
insert into restaurant_street (restaurant_id, street_id) values (4,34);
insert into restaurant_street (restaurant_id, street_id) values (4,35);
insert into restaurant_street (restaurant_id, street_id) values (4,36);
insert into restaurant_street (restaurant_id, street_id) values (4,37);
insert into restaurant_street (restaurant_id, street_id) values (4,38);
insert into restaurant_street (restaurant_id, street_id) values (4,39);
insert into restaurant_street (restaurant_id, street_id) values (4,40);

insert into restaurant_street (restaurant_id, street_id) values (5,1);
insert into restaurant_street (restaurant_id, street_id) values (5,2);
insert into restaurant_street (restaurant_id, street_id) values (5,3);
insert into restaurant_street (restaurant_id, street_id) values (5,4);
insert into restaurant_street (restaurant_id, street_id) values (5,5);
insert into restaurant_street (restaurant_id, street_id) values (5,6);
insert into restaurant_street (restaurant_id, street_id) values (5,7);
insert into restaurant_street (restaurant_id, street_id) values (5,8);
insert into restaurant_street (restaurant_id, street_id) values (5,9);
insert into restaurant_street (restaurant_id, street_id) values (5,10);
insert into restaurant_street (restaurant_id, street_id) values (5,11);
insert into restaurant_street (restaurant_id, street_id) values (5,12);
insert into restaurant_street (restaurant_id, street_id) values (5,13);
insert into restaurant_street (restaurant_id, street_id) values (5,14);
insert into restaurant_street (restaurant_id, street_id) values (5,15);
insert into restaurant_street (restaurant_id, street_id) values (5,16);
insert into restaurant_street (restaurant_id, street_id) values (5,17);
insert into restaurant_street (restaurant_id, street_id) values (5,18);
insert into restaurant_street (restaurant_id, street_id) values (5,19);
insert into restaurant_street (restaurant_id, street_id) values (5,20);
insert into restaurant_street (restaurant_id, street_id) values (5,21);
insert into restaurant_street (restaurant_id, street_id) values (5,22);
insert into restaurant_street (restaurant_id, street_id) values (5,23);
insert into restaurant_street (restaurant_id, street_id) values (5,24);
insert into restaurant_street (restaurant_id, street_id) values (5,25);
insert into restaurant_street (restaurant_id, street_id) values (5,26);
insert into restaurant_street (restaurant_id, street_id) values (5,27);
insert into restaurant_street (restaurant_id, street_id) values (5,28);
insert into restaurant_street (restaurant_id, street_id) values (5,29);
insert into restaurant_street (restaurant_id, street_id) values (5,30);
insert into restaurant_street (restaurant_id, street_id) values (5,31);
insert into restaurant_street (restaurant_id, street_id) values (5,32);
insert into restaurant_street (restaurant_id, street_id) values (5,33);
insert into restaurant_street (restaurant_id, street_id) values (5,34);
insert into restaurant_street (restaurant_id, street_id) values (5,35);
insert into restaurant_street (restaurant_id, street_id) values (5,36);
insert into restaurant_street (restaurant_id, street_id) values (5,37);
insert into restaurant_street (restaurant_id, street_id) values (5,38);
insert into restaurant_street (restaurant_id, street_id) values (5,39);
insert into restaurant_street (restaurant_id, street_id) values (5,40);

insert into restaurant_street (restaurant_id, street_id) values (6,1);
insert into restaurant_street (restaurant_id, street_id) values (6,2);
insert into restaurant_street (restaurant_id, street_id) values (6,3);
insert into restaurant_street (restaurant_id, street_id) values (6,4);
insert into restaurant_street (restaurant_id, street_id) values (6,5);
insert into restaurant_street (restaurant_id, street_id) values (6,6);
insert into restaurant_street (restaurant_id, street_id) values (6,7);
insert into restaurant_street (restaurant_id, street_id) values (6,8);
insert into restaurant_street (restaurant_id, street_id) values (6,9);
insert into restaurant_street (restaurant_id, street_id) values (6,10);
insert into restaurant_street (restaurant_id, street_id) values (6,11);
insert into restaurant_street (restaurant_id, street_id) values (6,12);
insert into restaurant_street (restaurant_id, street_id) values (6,13);
insert into restaurant_street (restaurant_id, street_id) values (6,14);
insert into restaurant_street (restaurant_id, street_id) values (6,15);
insert into restaurant_street (restaurant_id, street_id) values (6,16);
insert into restaurant_street (restaurant_id, street_id) values (6,17);
insert into restaurant_street (restaurant_id, street_id) values (6,18);
insert into restaurant_street (restaurant_id, street_id) values (6,19);
insert into restaurant_street (restaurant_id, street_id) values (6,20);
insert into restaurant_street (restaurant_id, street_id) values (6,21);
insert into restaurant_street (restaurant_id, street_id) values (6,22);
insert into restaurant_street (restaurant_id, street_id) values (6,23);
insert into restaurant_street (restaurant_id, street_id) values (6,24);
insert into restaurant_street (restaurant_id, street_id) values (6,25);
insert into restaurant_street (restaurant_id, street_id) values (6,26);
insert into restaurant_street (restaurant_id, street_id) values (6,27);
insert into restaurant_street (restaurant_id, street_id) values (6,28);
insert into restaurant_street (restaurant_id, street_id) values (6,29);
insert into restaurant_street (restaurant_id, street_id) values (6,30);
insert into restaurant_street (restaurant_id, street_id) values (6,31);
insert into restaurant_street (restaurant_id, street_id) values (6,32);
insert into restaurant_street (restaurant_id, street_id) values (6,33);
insert into restaurant_street (restaurant_id, street_id) values (6,34);
insert into restaurant_street (restaurant_id, street_id) values (6,35);
insert into restaurant_street (restaurant_id, street_id) values (6,36);
insert into restaurant_street (restaurant_id, street_id) values (6,37);
insert into restaurant_street (restaurant_id, street_id) values (6,38);
insert into restaurant_street (restaurant_id, street_id) values (6,39);
insert into restaurant_street (restaurant_id, street_id) values (6,40);

insert into menu_item (name, price, category, description, available, restaurant_id) values ('Margherita',  '29',  'LUNCHES', 'Klasyczna pizza z sosem pomidorowym, mozzarellą i bazylią.', true, 1);
insert into menu_item (name, price, category, description, available, restaurant_id) values ('Carbonara',  '38',  'LUNCHES', 'Makaron spaghetti z sosem jajeczno-serowym i boczkiem.', true, 1);
insert into menu_item (name, price, category, description, available, restaurant_id) values ('Lasagne al Forno',  '42',  'LUNCHES', 'Warstwy makaronu z mięsem mielonym, sosem beszamelowym i pomidorami.', true, 1);
insert into menu_item (name, price, category, description, available, restaurant_id) values ('Risotto Funghi',  '36',  'LUNCHES', 'Delikatne risotto z grzybami i parmezanem.', true, 1);
insert into menu_item (name, price, category, description, available, restaurant_id) values ('Bruschetta Pomodoro',  '24',  'SNACKS', 'Grzanki z pomidorami, czosnkiem, bazylią i oliwą.', true, 1);
insert into menu_item (name, price, category, description, available, restaurant_id) values ('Ravioli Ricotta e Spinaci',  '40',  'LUNCHES', 'Ravioli nadziewane serem ricotta i szpinakiem, podane z sosem pomidorowym.', true, 1);
insert into menu_item (name, price, category, description, available, restaurant_id) values ('Osso Buco',  '56',  'LUNCHES', 'Duszone cielęce golonki w aromatycznym sosie warzywnym.', true, 1);
insert into menu_item (name, price, category, description, available, restaurant_id) values ('Gnocchi al Pesto',  '34',  'LUNCHES', 'Gnocchi z sosem pesto, orzechami i parmezanem.', true, 1);
insert into menu_item (name, price, category, description, available, restaurant_id) values ('Fettuccine Alfredo',  '39',  'LUNCHES', 'Szerokie wstążki makaronu w śmietanowym sosie z serem parmezan.', true, 1);
insert into menu_item (name, price, category, description, available, restaurant_id) values ('Insalata Caprese',  '28',  'SIDES', 'Sałatka z pomidorami, mozzarellą, bazylią i oliwą.', true, 1);
insert into menu_item (name, price, category, description, available, restaurant_id) values ('Tagliatelle Bolognese',  '42',  'LUNCHES', 'Wstążki makaronu z mięsnym sosem bolońskim.', true, 1);
insert into menu_item (name, price, category, description, available, restaurant_id) values ('Calzone',  '45',  'LUNCHES', 'Zawijane ciasto nadziewane szynką, pieczarkami, serem i sosem pomidorowym.', true, 1);
insert into menu_item (name, price, category, description, available, restaurant_id) values ('Pesce Spada alla Griglia',  '58',  'LUNCHES', 'Grillowany miecznik z cytryną i ziołami.', true, 1);
insert into menu_item (name, price, category, description, available, restaurant_id) values ('Tiramisu',  '22',  'DESSERTS', 'Klasyczny włoski deser z kawowymi nasączeniem, serkiem mascarpone i kakao.', true, 1);
insert into menu_item (name, price, category, description, available, restaurant_id) values ('Gelato',  '16',  'DESSERTS', 'Wybór świeżych, domowych loówu o różnych smakach.', true, 1);
insert into menu_item (name, price, category, description, available, restaurant_id) values ('Limoncello Spritz',  '28', 'BEVERAGES', 'Oszałamiający drink z limoncello, prosecco i wodą gazowaną.', true, 1);
insert into menu_item (name, price, category, description, available, restaurant_id) values ('Espresso',  '12', 'BEVERAGES',  'Intensywna, aromatyczna kawa espresso.', true, 1);
insert into menu_item (name, price, category, description, available, restaurant_id) values ('Aperol Spritz',  '30', 'BEVERAGES',  'Orzeźwiający koktajl z Aperolem, prosecco i wodą gazowaną.', true, 1);
insert into menu_item (name, price, category, description, available, restaurant_id) values ('Zapiekanka', '18','SNACKS', 'Chleb ze szynką, pieczarkami, serem i sosem ketchup.', true, 2);
insert into menu_item (name, price, category, description, available, restaurant_id) values ('Placki ziemniaczane', '22','LUNCHES', 'Tradycyjne placki ziemniaczane z gęsim smalcem i kwaśną śmietaną.', true, 2);
insert into menu_item (name, price, category, description, available, restaurant_id) values ('Kiełbasa Grillowana', '24','SNACKS', 'Świeża, grillowana kiełbasa z musztardą.', true, 2);
insert into menu_item (name, price, category, description, available, restaurant_id) values ('Barszcz czerwony', '16','SOUPS', 'Tradycyjny barszcz z burakami i śmietaną.', true, 2);
insert into menu_item (name, price, category, description, available, restaurant_id) values ('Rosół', '14','SOUPS', 'Wywar z kurczaka z makaronem i włoszczyzną.', true, 2);
insert into menu_item (name, price, category, description, available, restaurant_id) values ('Zupa grzybowa', '20','SOUPS', 'Grzybowa z suszonymi borowikami i ziemniakami.', true, 2);
insert into menu_item (name, price, category, description, available, restaurant_id) values ('Kompot', '10','BEVERAGES', 'Domowy kompot z sezonowych owoców.', true, 2);
insert into menu_item (name, price, category, description, available, restaurant_id) values ('Tyskie', '14','BEVERAGES', 'Butelka piwa Tyskie.', true, 2);
insert into menu_item (name, price, category, description, available, restaurant_id) values ('Woda mineralna', '8','BEVERAGES', 'Woda gazowana lub niegazowana.', true, 2);
insert into menu_item (name, price, category, description, available, restaurant_id) values ('Schabowy z ziemniakami i kapustą', '32','LUNCHES', 'Tradycyjny schabowy z dodatkami.', true, 2);
insert into menu_item (name, price, category, description, available, restaurant_id) values ('Pierogi ruskie', '28','LUNCHES', 'Pierogi z serem, ziemniakami i cebulą, podane z boczkiem i cebulą.', true, 2);
insert into menu_item (name, price, category, description, available, restaurant_id) values ('Ziemniaki z gzikiem', '16','SIDES', 'Ziemniaki z sosem gzikiem (kwaśna śmietana, rzodkiewka, szczypiorek).', true, 2);
insert into menu_item (name, price, category, description, available, restaurant_id) values ('Kasza gryczana', '18','SIDES', 'Kasza gryczana z cebulą i boczkiem.', true, 2);
insert into menu_item (name, price, category, description, available, restaurant_id) values ('Sernik', '22','DESSERTS', 'Klasyczny sernik z rodzynkami i kruszonką.', true, 2);
insert into menu_item (name, price, category, description, available, restaurant_id) values ('Makowiec', '20','DESSERTS', 'Makowiec z makiem, orzechami i lukrem.', true, 2);
insert into menu_item (name, price, category, description, available, restaurant_id) values ('Kebab Wołowy', '18',  'LUNCHES', 'Placki z wołowiną, sałatą, pomidorami i sosem czosnkowym.', true, 3);
insert into menu_item (name, price, category, description, available, restaurant_id) values ('Kebab Drobiowy', '16',  'LUNCHES', 'Placki z kurczakiem, sałatą, cebulą i sosem jogurtowym.', true, 3);
insert into menu_item (name, price, category, description, available, restaurant_id) values ('Kebab Wegetariański', '14',  'LUNCHES', 'Placki z warzywami, sałatą i sosem hummus.', true, 3);
insert into menu_item (name, price, category, description, available, restaurant_id) values ('Classic Burger', '20',  'LUNCHES', 'Wołowina, sałata, pomidor, ser i sos majonezowo-ketchupowy.', true, 3);
insert into menu_item (name, price, category, description, available, restaurant_id) values ('Chicken Burger', '18',  'LUNCHES', 'Filet z kurczaka, sałata, cebula i sos czosnkowy.', true, 3);
insert into menu_item (name, price, category, description, available, restaurant_id) values ('Veggie Burger', '16',  'LUNCHES', 'Placki z warzywami, sałata, ser i sos BBQ.', true, 3);
insert into menu_item (name, price, category, description, available, restaurant_id) values ('Frytki', '10',  'SIDES', 'Złociste frytki z dodatkiem soli i wybranym sosem.', true, 3);
insert into menu_item (name, price, category, description, available, restaurant_id) values ('Falafel', '14',  'SIDES', 'Placki z ciecierzycy z sałatą i sosem tahini.', true, 3);
insert into menu_item (name, price, category, description, available, restaurant_id) values ('Onion Rings', '12',  'SIDES', 'Krążki cebulowe w chrupiącej panierce.', true, 3);
insert into menu_item (name, price, category, description, available, restaurant_id) values ('Cola', '8',  'BEVERAGES', 'Napój gazowany smak cola.', true, 3);
insert into menu_item (name, price, category, description, available, restaurant_id) values ('Woda gazowana', '5',  'BEVERAGES', 'Butelka wody gazowanej.', true, 3);
insert into menu_item (name, price, category, description, available, restaurant_id) values ('Baklava', '12',  'DESSERTS', 'Tradycyjny deser z orzechami, miodem i filo.', true, 3);
insert into menu_item (name, price, category, description, available, restaurant_id) values ('Soft Serve', '6',  'DESSERTS', 'Lody miękkie w rożku lub kubku.', true, 3);
insert into menu_item (name, price, category, description, available, restaurant_id) values ('Tzatziki', '16', 'SNACKS', 'Jogurtowy dip z ogórkiem, czosnkiem i świeżymi ziołami, podawany z pitą.',true,4);
insert into menu_item (name, price, category, description, available, restaurant_id) values ('Dolmades', '18', 'SNACKS', 'Liście winogron nadziewane ryżem, mięsem mielonym i przyprawami.',true,4);
insert into menu_item (name, price, category, description, available, restaurant_id) values ('Spanakopita', '20', 'SNACKS', 'Ciasto filo z nadzieniem ze szpinaku i fety.',true,4);
insert into menu_item (name, price, category, description, available, restaurant_id) values ('Avgolemono', '14', 'SOUPS', 'Klasyczna zupa jajeczno-cytrynowa z kurczakiem i ryżem.',true,4);
insert into menu_item (name, price, category, description, available, restaurant_id) values ('Fasolada', '12', 'SOUPS', 'Gęsta zupa z białą fasolą, warzywami i oliwą z oliwek.',true,4);
insert into menu_item (name, price, category, description, available, restaurant_id) values ('Ouzo', '14', 'BEVERAGES', 'Tradycyjny grecki alkohol ziołowy.',true,4);
insert into menu_item (name, price, category, description, available, restaurant_id) values ('Frappé', '10', 'BEVERAGES', 'Mrożona kawa rozpuszczalna z mlekiem i lodem.',true,4);
insert into menu_item (name, price, category, description, available, restaurant_id) values ('Gyros', '28', 'LUNCHES', 'Placki pita z mięsem z rożna, pomidorami, cebulą i sosem tzatziki.',true,4);
insert into menu_item (name, price, category, description, available, restaurant_id) values ('Souvlaki', '26', 'LUNCHES', 'Kawałki mięsa na patyku, podawane z pitą i sałatką.',true,4);
insert into menu_item (name, price, category, description, available, restaurant_id) values ('Horiatiki', '22', 'SIDES', 'Tradycyjna grecka sałatka z pomidorami, ogórkiem, cebulą, oliwkami i fetą.',true,4);
insert into menu_item (name, price, category, description, available, restaurant_id) values ('Gigantes Plaki', '18', 'SIDES', 'Duże fasolki wielkie w sosie pomidorowym z ziołami.',true,4);
insert into menu_item (name, price, category, description, available, restaurant_id) values ('Baklava', '24', 'DESSERTS', 'Ciasto filo z orzechami, miodem i przyprawami.',true,4);
insert into menu_item (name, price, category, description, available, restaurant_id) values ('Loukoumades', '20', 'DESSERTS', 'Kuleczki ciasta smażone i posypane miodem oraz orzechami.',true,4);
insert into menu_item (name, price, category, description, available, restaurant_id) values ('Hot and Sour Soup', '16','SOUPS', 'Wędzona kwaśno-pikantna zupa z tofu i grzybami.',true, 5);
insert into menu_item (name, price, category, description, available, restaurant_id) values ('Egg Drop Soup', '14','SOUPS', 'Delikatna zupa z roztrzepanym jajkiem i warzywami.',true, 5);
insert into menu_item (name, price, category, description, available, restaurant_id) values ('Jasmine Tea', '8','BEVERAGES', 'Delikatna herbata jaśminowa.',true, 5);
insert into menu_item (name, price, category, description, available, restaurant_id) values ('Lychee Cooler', '12','BEVERAGES', 'Orzeźwiający napój na bazie owocu liczi.',true, 5);
insert into menu_item (name, price, category, description, available, restaurant_id) values ('General Tso Chicken', '28','LUNCHES', 'Krokiety z kurczakiem w pikantnym sosie.',true, 5);
insert into menu_item (name, price, category, description, available, restaurant_id) values ('Vegetable Stir-Fry', '24','LUNCHES', 'Smażone warzywa w sosie sojowym, podane z ryżem.',true, 5);
insert into menu_item (name, price, category, description, available, restaurant_id) values ('Spring Rolls', '18','SIDES', 'Smażone roladki z warzywami i mięsem, podawane z sosem słodko-kwaśnym.',true, 5);
insert into menu_item (name, price, category, description, available, restaurant_id) values ('Steamed Dumplings', '20','SIDES', 'Gotowane pierożki z nadzieniem mięsnym lub warzywnym.',true, 5);
insert into menu_item (name, price, category, description, available, restaurant_id) values ('Sesame Balls', '22','DESSERTS', 'Słodkie kulki z masy sezamowej w chrupiącej skórce.',true, 5);
insert into menu_item (name, price, category, description, available, restaurant_id) values ('Almond Jelly', '18','DESSERTS', 'Żelatyna migdałowa z owocami i syropem.',true, 5);
insert into menu_item (name, price, category, description, available, restaurant_id) values ('Tom Yum Goong', '18','SOUPS', 'Ostra zupa z krewetkami, grzybami i trawą cytrynową.',true, 6);
insert into menu_item (name, price, category, description, available, restaurant_id) values ('Tom Kha Gai', '16','SOUPS', 'Zupa kokosowa z kurczakiem, grzybami i kolendrą.',true, 6);
insert into menu_item (name, price, category, description, available, restaurant_id) values ('Thai Iced Tea', '10','BEVERAGES', 'Tradycyjna tajlandzka mrożona herbata z mlekiem skondensowanym.',true, 6);
insert into menu_item (name, price, category, description, available, restaurant_id) values ('Fresh Coconut Water', '12','BEVERAGES', 'Świeża woda kokosowa.',true, 6);
insert into menu_item (name, price, category, description, available, restaurant_id) values ('Pad Thai', '28','LUNCHES', 'Smażone kluski ryżowe z krewetkami, tofu, orzechami i sosem tamarindowym.',true, 6);
insert into menu_item (name, price, category, description, available, restaurant_id) values ('Green Curry', '26','LUNCHES', 'Kurczak lub tofu w zielonym curry kokosowym, podane z ryżem.',true, 6);
insert into menu_item (name, price, category, description, available, restaurant_id) values ('Fresh Spring Rolls', '20','SIDES', 'Świeże roladki ryżowe z warzywami, mięsem lub tofu, podane z sosem orzechowym.',true, 6);
insert into menu_item (name, price, category, description, available, restaurant_id) values ('Thai Fish Cakes', '22','SIDES', 'Smażone placki z mięsa ryby z przyprawami, podane z sosem słodko-pikantnym.',true, 6);
insert into menu_item (name, price, category, description, available, restaurant_id) values ('Mango Sticky Rice', '24','DESSERTS', 'Kleisty ryż z mango, polewany kremem kokosowym.',true, 6);
insert into menu_item (name, price, category, description, available, restaurant_id) values ('Tub Tim Grob', '18','DESSERTS', 'Kuleczki wodne w syropie z różowych lichee.',true, 6);

insert into orders (orders_id, orders_number, received_date_time, completed_date_time, cancelled, completed, total_value,  customer_id, address_id, restaurant_id ) values (1,	'2023.8.18-16.57.4.35',	'2023-08-18 14:57:04+02',NULL, false ,false ,162, 1, 13 ,4);
insert into orders (orders_id, orders_number, received_date_time, completed_date_time, cancelled, completed, total_value,  customer_id, address_id, restaurant_id ) values (5, '2023.8.18-16.58.32.50','2023-08-18 14:58:32+02', NULL, false ,false ,184, 1, 17 ,6);
insert into orders (orders_id, orders_number, received_date_time, completed_date_time, cancelled, completed, total_value,  customer_id, address_id, restaurant_id ) values (8, '2023.8.18-16.59.30.29','2023-08-18 14:59:30+02', NULL, true ,false ,230, 1, 20 ,1);
insert into orders (orders_id, orders_number, received_date_time, completed_date_time, cancelled, completed, total_value,  customer_id, address_id, restaurant_id ) values (6, '2023.8.18-16.58.52.61','2023-08-18 14:58:52+02', NULL, true ,false ,112, 1, 18 ,5);
insert into orders (orders_id, orders_number, received_date_time, completed_date_time, cancelled, completed, total_value,  customer_id, address_id, restaurant_id ) values (9, '2023.8.18-16.59.47.98','2023-08-18 14:59:47+02', NULL, true ,false ,90, 1, 21 ,3);
insert into orders (orders_id, orders_number, received_date_time, completed_date_time, cancelled, completed, total_value,  customer_id, address_id, restaurant_id ) values (11, '2023.8.18-17.0.50.28', '2023-08-18 15:00:50+02', '2023-08-18 15:01:39+02', false ,true ,126, 1, 23 ,5);
insert into orders (orders_id, orders_number, received_date_time, completed_date_time, cancelled, completed, total_value,  customer_id, address_id, restaurant_id ) values (3, '2023.8.18-16.57.58.43','2023-08-18 14:57:58+02', '2023-08-18 15:01:42+02', false ,true ,146, 1, 15 ,2);
insert into orders (orders_id, orders_number, received_date_time, completed_date_time, cancelled, completed, total_value,  customer_id, address_id, restaurant_id ) values (7, '2023.8.18-16.59.9.56', '2023-08-18 14:59:09+02', '2023-08-18 15:01:45+02', false ,true ,132, 1, 19 ,4);
insert into orders (orders_id, orders_number, received_date_time, completed_date_time, cancelled, completed, total_value,  customer_id, address_id, restaurant_id ) values (2, '2023.8.18-16.57.38.38','2023-08-18 14:57:38+02', '2023-08-18 15:02:10+02', false ,true ,110, 1, 14 ,3);
insert into orders (orders_id, orders_number, received_date_time, completed_date_time, cancelled, completed, total_value,  customer_id, address_id, restaurant_id ) values (10, '2023.8.18-17.0.6.43','2023-08-18 15:00:06+02', '2023-08-18 15:02:12+02', false ,true ,112, 1, 22 ,2);
insert into orders (orders_id, orders_number, received_date_time, completed_date_time, cancelled, completed, total_value,  customer_id, address_id, restaurant_id ) values (4, '2023.8.18-16.58.16.45','2023-08-18 14:58:16+02', '2023-08-18 15:02:15+02', false ,true ,96, 1, 16	,5);

insert into menu_item_orders(menu_item_orders_id, price, quantity, menu_item_id, available, orders_id) values (1 ,1, 48, 1);
insert into menu_item_orders(menu_item_orders_id, price, quantity, menu_item_id, available, orders_id) values (2 ,1, 56, 1);
insert into menu_item_orders(menu_item_orders_id, price, quantity, menu_item_id, available, orders_id) values (3 ,2, 58, 1);
insert into menu_item_orders(menu_item_orders_id, price, quantity, menu_item_id, available, orders_id) values (4 ,1, 59, 1);
insert into menu_item_orders(menu_item_orders_id, price, quantity, menu_item_id, available, orders_id) values (5 ,1, 51, 1);
insert into menu_item_orders(menu_item_orders_id, price, quantity, menu_item_id, available, orders_id) values (6 ,3, 50, 1);
insert into menu_item_orders(menu_item_orders_id, price, quantity, menu_item_id, available, orders_id) values (7 ,3, 36, 2);
insert into menu_item_orders(menu_item_orders_id, price, quantity, menu_item_id, available, orders_id) values (8 ,3, 46, 2);
insert into menu_item_orders(menu_item_orders_id, price, quantity, menu_item_id, available, orders_id) values (9 ,2, 44, 2);
insert into menu_item_orders(menu_item_orders_id, price, quantity, menu_item_id, available, orders_id) values (10 ,3, 43, 2);
insert into menu_item_orders(menu_item_orders_id, price, quantity, menu_item_id, available, orders_id) values (11 ,1, 35, 2);
insert into menu_item_orders(menu_item_orders_id, price, quantity, menu_item_id, available, orders_id) values (12 ,3, 31, 3);
insert into menu_item_orders(menu_item_orders_id, price, quantity, menu_item_id, available, orders_id) values (13 ,2, 20, 3);
insert into menu_item_orders(menu_item_orders_id, price, quantity, menu_item_id, available, orders_id) values (14 ,2, 21, 3);
insert into menu_item_orders(menu_item_orders_id, price, quantity, menu_item_id, available, orders_id) values (15 ,2, 61, 4);
insert into menu_item_orders(menu_item_orders_id, price, quantity, menu_item_id, available, orders_id) values (16 ,3, 62, 4);
insert into menu_item_orders(menu_item_orders_id, price, quantity, menu_item_id, available, orders_id) values (17 ,2, 68, 4);
insert into menu_item_orders(menu_item_orders_id, price, quantity, menu_item_id, available, orders_id) values (18 ,3, 78, 5);
insert into menu_item_orders(menu_item_orders_id, price, quantity, menu_item_id, available, orders_id) values (19 ,2, 75, 5);
insert into menu_item_orders(menu_item_orders_id, price, quantity, menu_item_id, available, orders_id) values (20 ,3, 76, 5);
insert into menu_item_orders(menu_item_orders_id, price, quantity, menu_item_id, available, orders_id) values (21 ,2, 61, 6);
insert into menu_item_orders(menu_item_orders_id, price, quantity, menu_item_id, available, orders_id) values (22 ,3, 64, 6);
insert into menu_item_orders(menu_item_orders_id, price, quantity, menu_item_id, available, orders_id) values (23 ,2, 54, 7);
insert into menu_item_orders(menu_item_orders_id, price, quantity, menu_item_id, available, orders_id) values (24 ,2, 59, 7);
insert into menu_item_orders(menu_item_orders_id, price, quantity, menu_item_id, available, orders_id) values (25 ,2, 48, 7);
insert into menu_item_orders(menu_item_orders_id, price, quantity, menu_item_id, available, orders_id) values (26 ,1, 18, 8);
insert into menu_item_orders(menu_item_orders_id, price, quantity, menu_item_id, available, orders_id) values (27 ,2, 8, 8);
insert into menu_item_orders(menu_item_orders_id, price, quantity, menu_item_id, available, orders_id) values (28 ,2, 5, 8);
insert into menu_item_orders(menu_item_orders_id, price, quantity, menu_item_id, available, orders_id) values (29 ,2, 3, 8);
insert into menu_item_orders(menu_item_orders_id, price, quantity, menu_item_id, available, orders_id) values (30 ,2, 43, 9);
insert into menu_item_orders(menu_item_orders_id, price, quantity, menu_item_id, available, orders_id) values (31 ,3, 38, 9);
insert into menu_item_orders(menu_item_orders_id, price, quantity, menu_item_id, available, orders_id) values (32 ,2, 40, 9);
insert into menu_item_orders(menu_item_orders_id, price, quantity, menu_item_id, available, orders_id) values (33 ,2, 23, 10);
insert into menu_item_orders(menu_item_orders_id, price, quantity, menu_item_id, available, orders_id) values (34 ,2, 25, 10);
insert into menu_item_orders(menu_item_orders_id, price, quantity, menu_item_id, available, orders_id) values (35 ,2, 28, 10);
insert into menu_item_orders(menu_item_orders_id, price, quantity, menu_item_id, available, orders_id) values (36 ,3, 60, 11);
insert into menu_item_orders(menu_item_orders_id, price, quantity, menu_item_id, available, orders_id) values (37 ,3, 63, 11);
insert into menu_item_orders(menu_item_orders_id, price, quantity, menu_item_id, available, orders_id) values (38 ,3, 61, 11);






